<?xml version="1.0" encoding="UTF-8"?>
<cfdi:Comprobante xmlns:cfdi="http://www.sat.gob.mx/cfd/3" xmlns:xsi="http://www.w3.org/2001/XMLSchema-instance" xsi:schemaLocation="http://www.sat.gob.mx/cfd/3 cfdv3.xsd" version="3.0" fecha="2011-03-31T19:25:41" sello="rSiL35qjWvnBd9U76KAAAQthm6G7VXNc5IdU4qu+DgTlY8dM3yGnSt4oHDCInsc70svJ4u2S/dtBbxqFBXzYLwjd12K+j3qBjYodXhx2Uy2f7YnLQOfp/J6bFqiu5tKrkuZUiVg29mtxU71fF6qgBVJt9pP17QnuiDCSFpFAiyE=" formaDePago="PAGO EN UNA SOLA EXHIBICION" noCertificado="00001000000102846414" certificado="MIIEKzCCAxOgAwIBAgIUMDAwMDEwMDAwMDAxMDI4NDY0MTQwDQYJKoZIhvcNAQEF&#xA;BQAwggE2MTgwNgYDVQQDDC9BLkMuIGRlbCBTZXJ2aWNpbyBkZSBBZG1pbmlzdHJh&#xA;Y2nDs24gVHJpYnV0YXJpYTEvMC0GA1UECgwmU2VydmljaW8gZGUgQWRtaW5pc3Ry&#xA;YWNpw7NuIFRyaWJ1dGFyaWExHzAdBgkqhkiG9w0BCQEWEGFjb2RzQHNhdC5nb2Iu&#xA;bXgxJjAkBgNVBAkMHUF2LiBIaWRhbGdvIDc3LCBDb2wuIEd1ZXJyZXJvMQ4wDAYD&#xA;VQQRDAUwNjMwMDELMAkGA1UEBhMCTVgxGTAXBgNVBAgMEERpc3RyaXRvIEZlZGVy&#xA;YWwxEzARBgNVBAcMCkN1YXVodGVtb2MxMzAxBgkqhkiG9w0BCQIMJFJlc3BvbnNh&#xA;YmxlOiBGZXJuYW5kbyBNYXJ0w61uZXogQ29zczAeFw0xMTAyMTYyMDI3NDlaFw0x&#xA;MzAyMTUyMDI3NDlaMIHLMSowKAYDVQQDEyFNQVJJQSBERSBMT1VSREVTIFJPRFJJ&#xA;R1VFWiBHQVJDSUExKjAoBgNVBCkTIU1BUklBIERFIExPVVJERVMgUk9EUklHVUVa&#xA;IEdBUkNJQTEqMCgGA1UEChMhTUFSSUEgREUgTE9VUkRFUyBST0RSSUdVRVogR0FS&#xA;Q0lBMRYwFAYDVQQtEw1ST0dMNjIwNDE1UkY0MRswGQYDVQQFExJST0dMNjIwNDE1&#xA;TVZaRFJSMDQxEDAOBgNVBAsTB09SSVpBQkEwgZ8wDQYJKoZIhvcNAQEBBQADgY0A&#xA;MIGJAoGBAOqqh2HvQ/0VBO8M6t3vFHmAw2g1hf4JOZPdyQvipRt7WKmdFZ6dEp17&#xA;tlNRZwXzcjiQAmTcCz00OKy02ciaEStdVaSOZJCmhH1iSL0gXOnEVzJ91OReQmDa&#xA;gynfPBstMNxjocpU+uKONtGERO88SKTlTXHxjfUoTVbzrlJuRByxAgMBAAGjHTAb&#xA;MAwGA1UdEwEB/wQCMAAwCwYDVR0PBAQDAgbAMA0GCSqGSIb3DQEBBQUAA4IBAQDN&#xA;Vwr7mGUbJay8ZY40d2z12fLIOJ+b14N6GoNoOuB/PbDH0aoihsbzxXn1IB6dlv1x&#xA;Ynh6pGG3UtAL76DvJ44z7gsnCNqN7Ey4BJa0wi0MXcqs3aLTL33vUwbT988pTQJW&#xA;ujvN+zmkWQ9/77ukZ5ZlvSIQK/RndP0OXsZn3gdp9XjE8RJMsEokL8nJwu96HDj5&#xA;9NNLv78vBMmza5fqbrJEQotDsRc1RsEIsrCstYEFq37P9/8Q+MI/5fKWFsDnls2K&#xA;mowmstO50UhxesER9zFOq0UMAHKxq1dNuRxlLE05/CbtMlseBryT/iLPJ3mouuvo&#xA;FV8GgusF8ymyKWiUUPjB&#xA;" condicionesDePago="CONTADO" subTotal="5492.069000" descuento="0.000000" TipoCambio="1.0000" Moneda="MXN" total="6370.800000" metodoDePago="EECTIVO" tipoDeComprobante="ingreso">
  <cfdi:Emisor rfc="ROGL620415RF4" nombre="MARIA DE LOURDES RODRIGUEZ GARCIA">
    <cfdi:DomicilioFiscal calle="CALLE SUR 11" noExterior="No. 1351" colonia="COL. FRANCISCO FERRER GUARDIA" municipio="ORIZABA" estado="VERACRUZ" pais="MÉXICO" codigoPostal="94390" />
    <cfdi:ExpedidoEn calle="AV. DEL CANAL" noExterior="No. 4" colonia="COL. REFORMA" localidad="CONG. VICENTE GUERRERO" municipio="RIO BLANCO" estado="VERACRUZ" pais="MÉXICO" codigoPostal="94730" />
  </cfdi:Emisor>
  <cfdi:Receptor rfc="CRP950711HK7" nombre="CADILLAC RUBBER AND PLASTICS DE MEXICO, S.A. DE C.V.">
    <cfdi:Domicilio calle="ORIENTE 12 NUM. 1151" colonia="CENTRO" municipio="ORIZABA" estado="VERACRUZ" pais="MÉXICO" codigoPostal="94300" />
  </cfdi:Receptor>
  <cfdi:Conceptos>
    <cfdi:Concepto cantidad="4.0000" unidad="PZ" noIdentificacion="299" descripcion="MENSULA PARA RECEPTACULO DE FOTOCELDA  -  " valorUnitario="15.517200" importe="62.068800" />
    <cfdi:Concepto cantidad="12.0000" unidad="PZ" noIdentificacion="569" descripcion="UNICANAL DE 4X2  -  " valorUnitario="125.000000" importe="1500.000000" />
    <cfdi:Concepto cantidad="3.0000" unidad="PZ" noIdentificacion="776" descripcion="JUEGO DE BROCAS  PARA FIERRO  -  " valorUnitario="1310.000000" importe="3930.000000" />
  </cfdi:Conceptos>
  <cfdi:Impuestos totalImpuestosTrasladados="878.730000">
    <cfdi:Traslados>
      <cfdi:Traslado impuesto="IVA" tasa="16.000000" importe="878.730000" />
    </cfdi:Traslados>
  </cfdi:Impuestos>
<cfdi:Complemento><tfd:TimbreFiscalDigital xmlns:tfd="http://www.sat.gob.mx/TimbreFiscalDigital" version="1.0" xsi:schemaLocation="http://www.sat.gob.mx/TimbreFiscalDigital http://www.sat.gob.mx/sitio_internet/TimbreFiscalDigital/TimbreFiscalDigital.xsd" UUID="2DA4FAAE-7E57-450B-8340-1E45F3B6D866" FechaTimbrado="2011-03-31T19:25:50" selloCFD="rSiL35qjWvnBd9U76KAAAQthm6G7VXNc5IdU4qu+DgTlY8dM3yGnSt4oHDCInsc70svJ4u2S/dtBbxqFBXzYLwjd12K+j3qBjYodXhx2Uy2f7YnLQOfp/J6bFqiu5tKrkuZUiVg29mtxU71fF6qgBVJt9pP17QnuiDCSFpFAiyE=" noCertificadoSAT="30001000000100000800" selloSAT="IbuKXHxf5U351n1GvbU2NuP4ztwMOdY9qn9ECBl170enB0CoEgjmaS1b5jI/ujRYtGexFnu++sH4mBEb8zjP2SeDERfdwXuXAtriBNI6mIjB+9evHdh4rVUHk9tE459UR3vWl/aBHxFCMOiJZWdA4pm2zxBGr8zWxUrEGIgbwEc=" /></cfdi:Complemento></cfdi:Comprobante>
